{"cameraMode":{"drawMode":0,"name":"Shaded","section":"Shading Mode"},"sceneLighting":true,"audioPlay":false,"sceneViewState":{"m_AlwaysRefresh":false,"showFog":true,"showSkybox":true,"showFlares":true,"showImageEffects":true,"showParticleSystems":true,"showVisualEffectGraphs":true,"m_FxEnabled":true},"in2DMode":false,"pivot":{"x":1.7463197708129883,"y":1.6930290460586548,"z":-4.563930988311768},"rotation":{"x":-0.04773896560072899,"y":0.3191046118736267,"z":-0.01609690487384796,"w":-0.9463940262794495},"size":0.10307754576206207,"orthographic":false}